City_ID,City,Lat,Lng,Max Temp,Humidity,Cloudiness,Wind Speed,Country,Date
0,sitka,57.0531,-135.33,285.09,87,75,3.6,US,1686343239
1,aasiaat,68.7098,-52.8699,273.98,83,100,6.06,GL,1686343204
2,adamstown,-25.066,-130.1015,294.38,60,52,7.07,PN,1686343327
3,qaqortoq,60.7167,-46.0333,279.03,68,70,1.58,GL,1686343205
4,kandiari,26.9156,68.5216,304.36,59,0,9.49,PK,1686343328
5,waitangi,-43.9535,-176.5597,283.61,91,100,0.45,NZ,1686343329
6,alice springs,-23.7,133.8833,274.9,75,0,0.0,AU,1686343329
7,london,51.5085,-0.1257,295.13,68,4,3.09,GB,1686342928
8,iquique,-20.2208,-70.1431,292.17,74,6,2.96,CL,1686343173
9,port-aux-francais,-49.35,70.2167,278.46,71,20,8.9,TF,1686343330
10,hasaki,35.7333,140.8333,293.83,91,100,3.82,JP,1686343159
11,grand-fort-philippe,50.9996,2.1078,294.32,73,69,4.42,FR,1686343331
12,yelizovo,53.1873,158.3805,285.99,62,75,1.0,RU,1686343332
13,ribeira grande,38.5167,-28.7,293.37,60,20,4.47,PT,1686343333
14,ust-nera,64.5667,143.2,289.22,58,100,2.67,RU,1686343333
15,nemuro,43.3236,145.575,282.12,98,100,6.14,JP,1686343334
16,tura,25.5198,90.2201,296.61,96,100,2.67,IN,1686343334
17,kristinestad,62.2743,21.376,277.65,66,0,2.37,FI,1686343334
18,papatowai,-46.5619,169.4708,276.26,76,2,1.43,NZ,1686343335
19,hawaiian paradise park,19.5933,-154.9731,301.33,68,0,3.09,US,1686343335
20,iqaluit,63.7506,-68.5145,278.0,70,75,2.06,CA,1686343336
21,haiku-pauwela,20.9219,-156.3051,301.02,64,40,10.29,US,1686343336
22,pisco,-13.7,-76.2167,295.18,73,100,4.12,PE,1686343337
23,hermanus,-34.4187,19.2345,285.26,83,52,2.01,ZA,1686343337
24,udachny,66.4167,112.4,289.51,76,98,1.49,RU,1686343338
25,port lincoln,-34.7333,135.8667,286.4,71,72,2.73,AU,1686343153
26,nicoya,10.1483,-85.452,302.39,74,90,2.13,CR,1686343338
27,bethel,41.3712,-73.414,295.05,52,0,4.63,US,1686343339
28,margaret river,-33.95,115.0667,289.03,69,66,6.43,AU,1686343339
29,mancio lima,-7.6142,-72.8958,305.19,62,40,2.57,BR,1686343340
30,broceni,56.7,22.5333,283.12,61,62,4.05,LV,1686343340
31,tiksi,71.6872,128.8694,284.61,55,98,5.8,RU,1686343341
32,amursk,50.2261,136.8994,288.65,71,100,1.25,RU,1686343341
33,ixtapa,20.7,-105.2,304.39,65,20,6.17,MX,1686343342
34,thisted,56.9552,8.6949,286.92,85,89,4.84,DK,1686343342
35,caleta de carquin,-11.0925,-77.6267,295.76,72,10,5.64,PE,1686343342
36,blackmans bay,-43.0167,147.3167,284.11,66,65,7.08,AU,1686343343
37,gongzhuling,43.5008,124.8198,286.12,85,95,2.23,CN,1686343343
38,riasi,33.0833,74.8333,299.68,47,0,3.74,IN,1686343344
39,thompson,55.7435,-97.8558,289.24,51,40,3.6,CA,1686343341
40,college,64.8569,-147.8028,292.36,53,75,7.2,US,1686343345
41,hithadhoo,-0.6,73.0833,301.59,69,51,2.15,MV,1686343345
42,isafjordur,66.0755,-23.124,278.34,75,90,0.66,IS,1686343345
43,edinburgh of the seven seas,-37.0676,-12.3116,287.42,76,87,12.62,SH,1686343346
44,ancud,-41.8697,-73.8203,281.49,74,61,11.12,CL,1686343346
45,ponta delgada,37.7333,-25.6667,292.55,77,20,2.06,PT,1686343347
46,mont-laurier,46.5501,-75.4993,288.94,68,65,1.79,CA,1686343116
47,albany,42.6001,-73.9662,291.81,85,98,2.33,US,1686343226
48,al qaryatayn,34.2296,37.2407,297.77,39,63,3.91,SY,1686343348
49,ankazobe,-18.3167,47.1167,288.59,83,35,1.29,MG,1686343348
50,arteche,12.2645,125.4048,299.39,86,92,3.54,PH,1686343349
51,jamestown,42.097,-79.2353,290.66,69,100,6.17,US,1686343349
52,esmeraldas,-19.7625,-44.3139,298.63,49,0,1.59,BR,1686343350
53,tuburan,6.6439,122.2736,300.58,80,90,2.55,PH,1686343351
54,hadibu,12.65,54.0333,301.65,79,100,7.15,YE,1686343351
55,tokombere,11.2271,13.4858,303.38,50,84,2.05,NG,1686343352
56,makarov,48.6333,142.8,281.13,94,100,3.07,RU,1686343352
57,basco,20.4487,121.9702,300.7,82,81,2.83,PH,1686343353
58,enewetak,11.3474,162.3373,300.79,83,89,8.09,MH,1686343353
59,mahdia,35.5047,11.0622,295.12,77,69,5.25,TN,1686343353
60,bredasdorp,-34.5322,20.0403,286.49,84,95,1.4,ZA,1686343354
61,turpan,42.9333,89.1667,305.32,19,0,1.13,CN,1686343158
62,puerto deseado,-47.7503,-65.8938,277.95,60,30,11.23,AR,1686343291
63,labrador city,52.9463,-66.9114,290.1,55,75,2.57,CA,1686343355
64,ambon,-3.6954,128.1814,301.97,78,40,2.57,ID,1686343355
65,howard springs,-12.497,131.047,296.1,87,31,2.48,AU,1686343356
66,buaran,-7.05,109.55,296.46,90,37,2.29,ID,1686343356
67,axim,4.8699,-2.2405,299.03,84,83,4.57,GH,1686343357
68,banda aceh,5.5577,95.3222,300.06,80,100,5.85,ID,1686343357
69,egilsstadir,65.2653,-14.3948,287.1,58,40,8.23,IS,1686343358
70,noyabrsk,63.1994,75.4507,278.68,65,73,3.08,RU,1686343358
71,taoudenni,22.6783,-3.9836,310.72,13,0,5.14,ML,1686343358
72,matai,-8.3,31.5167,289.84,76,96,0.91,TZ,1686343359
73,invercargill,-46.4,168.35,273.98,92,5,1.92,NZ,1686343359
74,wotho,10.1657,166.0102,301.11,80,100,7.93,MH,1686343359
75,assab,13.0092,42.7394,306.01,56,100,0.52,ER,1686343360
76,valdez,1.2492,-78.9831,300.93,78,42,4.55,EC,1686343360
77,praia da vitoria,38.7333,-27.0667,295.29,73,40,4.74,PT,1686343360
78,santa marta de ortigueira,43.6833,-7.85,293.85,78,45,1.34,ES,1686343361
79,grytviken,-54.2811,-36.5092,273.5,87,88,2.04,GS,1686343361
80,enriquillo,17.9,-71.2333,304.97,67,21,3.72,DO,1686343362
81,flin flon,54.7682,-101.865,293.06,52,75,3.6,CA,1686343362
82,la'ie,21.6477,-157.9253,301.13,73,68,4.02,US,1686343362
83,troitsko-pechorsk,62.7084,56.1964,283.93,65,100,4.33,RU,1686343363
84,okhotsk,59.3833,143.3,282.53,77,95,3.39,RU,1686343363
85,tejen,37.3834,60.5054,297.63,62,59,7.5,TM,1686343363
86,puerto natales,-51.7236,-72.4875,275.31,85,99,3.19,CL,1686343364
87,ulverstone,-41.15,146.1667,283.27,91,77,7.66,AU,1686343364
88,port elizabeth,-33.918,25.5701,287.09,88,20,3.09,ZA,1686343279
89,pangody,65.85,74.4859,276.57,63,5,2.05,RU,1686343365
90,longyearbyen,78.2186,15.6401,275.06,80,75,5.14,SJ,1686343365
91,callao,-12.0667,-77.15,297.99,73,100,8.23,PE,1686343366
92,brush,40.2589,-103.6238,301.75,32,0,2.48,US,1686343366
93,domna,51.8971,113.1573,279.24,87,4,2.0,RU,1686343367
94,ushuaia,-54.8,-68.3,275.96,81,75,7.72,AR,1686343127
95,yashkul',46.1711,45.3435,294.58,40,93,3.54,RU,1686343368
96,mirnyy,62.5353,113.9611,288.28,51,55,1.79,RU,1686343368
97,tonga,-20.0,-175.0,297.22,71,99,4.24,TO,1686343368
98,sosnovo-ozerskoye,52.5249,111.5418,281.46,76,4,2.1,RU,1686343369
99,kapa'a,22.0752,-159.319,301.14,83,75,5.14,US,1686343369
100,alamogordo,32.8995,-105.9603,303.68,12,0,3.6,US,1686343370
101,port hedland,-20.3167,118.5667,291.18,48,40,2.57,AU,1686343370
102,toliara,-23.35,43.6667,294.24,83,0,2.06,MG,1686343370
103,keflavik,64.0049,-22.5624,281.1,81,100,11.32,IS,1686343371
104,hobyo,5.3505,48.5268,299.76,86,45,10.79,SO,1686343371
105,camana,-16.6228,-72.7111,291.94,75,52,3.15,PE,1686343371
106,correntina,-13.3433,-44.6367,299.98,44,76,2.65,BR,1686343372
107,punta arenas,-53.15,-70.9167,277.16,75,0,7.72,CL,1686343372
108,toulepleu guere,6.574,-8.4259,295.78,98,65,1.43,CI,1686343373
109,alofi,-19.0595,-169.9187,298.09,83,75,3.09,NU,1686343373
110,vorkuta,67.5,64.0,280.41,50,100,6.57,RU,1686343373
111,bogale,16.2833,95.4,299.99,84,93,2.78,MM,1686343374
112,gadzhiyevo,69.2551,33.3362,277.4,77,100,7.8,RU,1686343374
113,avarua,-21.2078,-159.775,296.18,94,100,2.06,CK,1686343374
114,bilibino,68.0546,166.4372,291.85,33,38,0.8,RU,1686343375
115,anadyr,64.75,177.4833,284.43,53,0,5.0,RU,1686343375
116,ilulissat,69.2167,-51.1,277.16,65,75,0.51,GL,1686343376
117,lata,40.1629,-8.3327,291.93,95,95,0.76,PT,1686343376
118,luderitz,-26.6481,15.1594,286.45,82,0,4.04,NA,1686343376
119,nar'yan-mar,67.6713,53.087,274.6,97,100,8.32,RU,1686343377
120,urzhar,47.093,81.6294,296.96,30,10,2.95,KZ,1686343377
121,correia pinto,-27.5847,-50.3611,287.49,76,0,0.41,BR,1686343377
122,emerald,-23.5333,148.1667,286.12,67,0,5.17,AU,1686343378
123,batu pahat,1.8548,102.9325,298.53,88,20,1.61,MY,1686343378
124,mejit,10.2753,170.8646,301.05,82,100,7.16,MH,1686343380
125,kelmentsi,48.4656,26.83,291.55,62,100,1.36,UA,1686343381
126,suncho corral,-27.9336,-63.4294,300.56,51,23,5.71,AR,1686343381
127,ust'-barguzin,53.45,108.9833,282.49,61,17,1.15,RU,1686343382
128,dzhalagash,45.0833,64.6667,295.42,27,0,4.17,KZ,1686343382
129,n'zeto,-7.2312,12.8666,295.4,92,100,2.18,AO,1686343383
130,aur,8.1499,171.1687,301.17,81,100,7.22,MH,1686343383
131,petropavlovsk-kamchatsky,53.0452,158.6483,285.25,66,75,1.0,RU,1686343383
132,ulysses,37.5814,-101.3552,305.03,25,35,4.07,US,1686343384
133,savran,48.1322,30.0825,290.94,64,93,2.94,UA,1686343384
134,vila do maio,15.1333,-23.2167,299.59,91,16,5.89,CV,1686343385
135,wailua homesteads,22.0669,-159.378,300.39,84,75,5.14,US,1686343385
136,vorgashor,67.5833,63.95,280.34,50,100,6.46,RU,1686343386
137,codrington,-38.2667,141.9667,283.55,83,100,5.08,AU,1686343386
138,sinabang,2.4803,96.3801,299.93,82,100,1.83,ID,1686343386
139,hamilton,39.1834,-84.5333,300.64,26,0,5.66,US,1686343387
140,san fernando,15.0286,120.6898,301.0,88,67,1.78,PH,1686343387
141,las lomitas,-24.7096,-60.593,302.25,47,0,2.83,AR,1686343387
142,vadso,70.0744,29.7487,279.64,70,40,5.14,NO,1686343388
143,mlimba,-8.8,35.8167,293.97,89,74,1.1,TZ,1686343388
144,akureyri,65.6835,-18.0878,286.11,50,75,6.69,IS,1686343352
145,colonia,50.9333,6.95,298.05,51,0,3.6,DE,1686343156
146,mucur,39.0615,34.3829,291.16,84,75,2.33,TR,1686343390
147,yorkton,51.2167,-102.4677,295.06,53,0,5.14,CA,1686343390
148,redencao,-4.2258,-38.7306,297.51,91,5,1.73,BR,1686343390
149,olonkinbyen,70.9221,-8.7187,275.51,97,100,6.56,SJ,1686343391
150,floro,61.5996,5.0328,290.19,76,100,2.57,NO,1686343391
151,mao,39.8885,4.2658,294.46,100,20,3.6,ES,1686343392
152,fortuna,40.5982,-124.1573,289.78,90,40,4.12,US,1686343168
153,puerto ayora,-0.7393,-90.3518,303.13,88,64,2.24,EC,1686343392
154,afaahiti,-17.75,-149.2833,300.08,71,78,8.09,PF,1686343393
155,susuman,62.7833,148.1667,287.7,51,19,1.02,RU,1686343393
156,yellowknife,62.456,-114.3525,291.44,59,75,8.75,CA,1686343243
157,queenstown,-31.8976,26.8753,279.56,85,12,2.23,ZA,1686343394
158,prince rupert,54.3161,-130.3201,291.2,60,20,3.6,CA,1686343327
159,zhangye,38.9342,100.4517,295.21,19,92,2.18,CN,1686343156
160,siguiri,11.6667,-9.5,303.1,51,55,3.09,GN,1686343395
161,utrik,11.2278,169.8474,300.9,81,95,6.65,MH,1686343395
162,st. john's,47.5649,-52.7093,284.9,95,100,4.63,CA,1686343390
163,ola,59.5833,151.2833,284.9,85,9,1.52,RU,1686343396
164,corumba,-19.0092,-57.6533,304.99,51,0,3.09,BR,1686343397
165,brookings,44.3114,-96.7984,299.29,73,75,2.06,US,1686343397
166,charters towers,-20.1,146.2667,290.56,82,77,3.02,AU,1686343397
167,talnakh,69.4865,88.3972,275.49,76,11,3.09,RU,1686343398
168,rawlins,41.7911,-107.2387,291.09,48,40,7.72,US,1686343398
169,badger,64.8,-147.5333,292.32,49,75,7.2,US,1686343398
170,zouerate,22.7187,-12.4521,304.74,22,5,6.17,MR,1686343399
171,malakal,9.5334,31.6605,302.13,51,88,1.58,SS,1686343399
172,nishinoomote,30.7333,131.0,295.03,91,100,3.8,JP,1686343400
173,ghadamis,30.1337,9.5007,307.13,18,71,5.44,LY,1686343400
174,kulgam,33.65,75.0167,289.32,54,0,0.67,IN,1686343401
175,crane,31.3974,-102.3501,309.82,13,100,3.18,US,1686343401
176,at-bashi,41.1702,75.8106,288.44,46,51,0.67,KG,1686343401
177,ataq,14.5377,46.8319,299.65,51,62,3.86,YE,1686343403
178,merizo village,13.2658,144.6691,301.0,98,100,1.89,GU,1686343403
179,undurkhaan,47.3194,110.6556,283.6,68,30,1.57,MN,1686343404
180,krasnokamensk,50.0979,118.0369,285.33,82,100,4.08,RU,1686343404
181,lebu,-37.6167,-73.65,284.41,75,99,6.64,CL,1686343405
182,egersund,58.4513,5.9997,288.2,62,95,2.22,NO,1686343405
183,utiel,39.5667,-1.2,291.97,62,38,7.39,ES,1686343406
184,chiknayakanhalli,13.4172,76.6228,295.98,75,92,4.13,IN,1686343406
185,howrah,22.5892,88.3103,300.15,78,100,1.54,IN,1686343406
186,karema,-6.8205,30.4389,295.69,70,21,1.05,TZ,1686343407
187,khategaon,22.6,76.9167,306.54,34,0,3.3,IN,1686343407
188,arraial do cabo,-22.9661,-42.0278,297.07,73,0,3.09,BR,1686343261
189,lorengau,-2.0226,147.2712,299.74,83,100,2.24,PG,1686343408
190,flying fish cove,-10.4217,105.6791,297.97,88,100,5.66,CX,1686343408
191,weno,7.4515,151.8468,300.12,89,100,2.06,FM,1686343409
192,carbonear,47.7332,-53.2148,285.15,93,100,4.73,CA,1686343257
193,pacific grove,36.6177,-121.9166,294.83,74,40,4.12,US,1686343150
194,fort st. john,56.2499,-120.8529,297.09,46,75,2.06,CA,1686343306
195,coquimbo,-29.9533,-71.3436,292.0,72,0,6.17,CL,1686343411
196,glace bay,46.1969,-59.957,286.51,92,100,2.24,CA,1686343329
197,mumbwa,-14.9783,27.0619,292.06,40,43,2.16,ZM,1686343411
198,san jose del guaviare,2.5729,-72.6459,301.68,74,32,1.57,CO,1686343412
199,lihue,21.9789,-159.3672,300.73,79,75,5.14,US,1686343406
200,grantsville,40.5999,-112.4644,300.85,28,0,1.54,US,1686343412
201,port alfred,-33.5906,26.891,285.47,83,18,1.79,ZA,1686343413
202,carrigaline,51.8117,-8.3986,290.01,77,0,3.6,IE,1686343413
203,cidade velha,14.9167,-23.6167,299.41,73,20,7.72,CV,1686343413
204,nova sintra,14.8667,-24.7167,294.87,85,0,7.56,CV,1686343414
205,kone,-21.0595,164.8658,294.05,71,82,1.74,NC,1686343414
206,zaozersk,69.4005,32.4476,277.28,76,100,6.04,RU,1686343415
207,klyuchi,52.2667,79.1667,290.18,89,99,5.89,RU,1686343415
208,kashmar,35.2383,58.4656,296.2,48,80,1.84,IR,1686343415
209,chonchi,-42.6128,-73.8092,278.71,82,85,3.09,CL,1686343416
210,whitehorse,60.7161,-135.0538,287.6,67,100,5.66,CA,1686342868
211,guarena,38.8595,-6.0999,292.58,77,99,4.19,ES,1686343417
212,lazaro cardenas,17.9583,-102.2,303.73,61,20,4.99,MX,1686343417
213,banqiao,25.0143,121.4672,300.23,87,75,1.03,TW,1686343417
214,atafu village,-8.5421,-172.5159,301.83,75,12,5.54,TK,1686343418
215,selfoss,63.9331,-20.9971,280.4,74,100,6.13,IS,1686343418
216,kamaishi,39.2667,141.8833,289.47,95,100,0.95,JP,1686343418
217,remire-montjoly,4.9167,-52.2667,302.17,70,40,3.6,GF,1686343419
218,puducherry,11.9333,79.8167,301.34,74,100,3.26,IN,1686343419
219,val-d'or,48.1002,-77.7828,292.2,45,75,2.57,CA,1686343420
220,nabire,-3.3667,135.4833,298.23,92,98,0.89,ID,1686343420
221,grand falls-windsor,48.9332,-55.6649,286.21,76,100,1.34,CA,1686343420
222,salym,60.0625,71.4789,279.65,95,61,1.85,RU,1686343421
223,newman,37.3138,-121.0208,302.34,28,56,3.06,US,1686343421
224,carnarvon,-24.8667,113.6333,290.17,71,0,4.2,AU,1686343422
225,labytnangi,66.6572,66.4183,279.82,52,47,3.1,RU,1686343422
226,georgetown,5.4112,100.3354,300.38,86,20,1.54,MY,1686343141
227,zhangjiakou,40.81,114.8794,287.33,52,3,2.54,CN,1686343423
228,knjazevac,43.5648,22.2502,293.94,82,100,2.24,RS,1686343423
229,tuy hoa,13.0833,109.3,300.74,72,98,4.62,VN,1686343424
230,gogrial,8.5332,28.1004,301.01,59,25,2.72,SS,1686343424
231,neiafu,-18.65,-173.9833,296.53,100,75,0.0,TO,1686343425
232,happy valley-goose bay,53.3168,-60.3315,288.32,58,40,4.63,CA,1686343425
233,garoowe,8.4054,48.4845,300.01,61,54,7.82,SO,1686343426
234,pollock pines,38.7613,-120.5866,296.04,50,0,4.12,US,1686343406
235,kailua-kona,19.6406,-155.9956,301.13,82,20,4.12,US,1686343427
236,antsiranana,-12.2787,49.2917,296.79,81,7,6.1,MG,1686343427
237,port mathurin,-19.6833,63.4167,297.7,66,0,7.69,MU,1686343427
238,thunder bay,48.4001,-89.3168,300.14,29,75,2.57,CA,1686343264
239,barbalha,-7.3111,-39.3042,304.04,51,40,0.0,BR,1686343428
240,kodiak,57.79,-152.4072,280.88,93,100,7.2,US,1686343428
241,taulaga,-11.0553,-171.0883,301.73,77,36,5.4,AS,1686343429
242,san antonio de pale,-1.4014,5.6325,298.39,76,100,4.22,GQ,1686343429
243,saint-pierre,-21.3393,55.4781,295.97,73,20,2.57,RE,1686343430
244,mary,37.0,62.5,298.84,33,100,7.27,TM,1686343430
245,west island,-12.1568,96.8225,299.14,73,40,9.8,CC,1686343431
246,sola,-13.8833,167.55,298.37,74,99,10.29,VU,1686343431
247,stanley,54.868,-1.6985,283.02,85,40,2.57,GB,1686343431
248,cidreira,-30.1811,-50.2056,294.92,60,39,2.62,BR,1686343432
249,novoselytsya,48.2193,26.2653,292.69,83,100,1.25,UA,1686343432
250,kingston,17.997,-76.7936,304.93,77,75,8.23,JM,1686343432
251,formosa do rio preto,-11.0483,-45.1931,300.91,44,78,2.41,BR,1686343433
252,twon-brass,4.3151,6.2418,300.18,79,46,4.76,NG,1686343433
253,togur,58.3631,82.8265,284.07,65,92,3.41,RU,1686343434
254,barcelos,41.5388,-8.6151,292.23,97,72,2.36,PT,1686343434
255,carbondale,37.7273,-89.2168,301.47,27,0,1.54,US,1686343434
256,fort bragg,35.139,-79.006,301.18,30,20,3.58,US,1686343435
257,severo-yeniseyskiy,60.3725,93.0408,284.9,97,100,2.64,RU,1686343435
258,dudinka,69.4058,86.1778,275.72,69,27,2.97,RU,1686343435
259,novosergiyevka,52.0934,53.6528,287.67,59,17,2.01,RU,1686343436
260,sarkand,45.41,79.9186,296.81,34,9,4.23,KZ,1686343280
261,hammerfest,70.6634,23.6821,278.4,70,75,2.06,NO,1686343437
262,ardestan,33.3761,52.3694,298.34,42,12,0.69,IR,1686343437
263,anloga,5.7947,0.8973,300.34,80,95,7.06,GH,1686343438
264,iskateley,67.6803,53.1512,274.57,97,100,8.24,RU,1686343438
265,al wafrah,28.6392,47.9306,307.22,12,0,4.5,KW,1686343438
266,gornozavodsk,58.3758,58.3211,281.12,77,50,2.2,RU,1686343439
267,belyy yar,53.6039,91.3903,289.09,82,0,3.0,RU,1686343439
268,waingapu,-9.6567,120.2641,297.84,87,85,4.58,ID,1686343440
269,ar ruways,24.1103,52.7306,303.92,55,0,1.92,AE,1686343440
270,bollnas,61.3482,16.3946,280.58,61,84,1.7,SE,1686343440
271,hun,29.1268,15.9477,301.99,32,14,3.76,LY,1686343441
272,gray,35.4167,-100.802,306.04,29,17,4.49,US,1686343441
273,dondo,-19.6094,34.7431,294.88,94,2,2.22,MZ,1686343442
274,hue,16.4667,107.6,302.21,79,75,1.54,VN,1686343442
275,kolonia town,6.964,158.206,301.61,78,100,5.85,FM,1686343443
276,olyokminsk,60.3736,120.4264,286.58,73,92,1.75,RU,1686343443
277,point fortin,10.1833,-61.6833,304.2,68,97,5.95,TT,1686343444
278,addis ababa,9.025,38.7469,288.64,82,75,1.03,ET,1686343444
279,balesti,45.0167,23.2167,288.49,85,51,1.96,RO,1686343444
280,ocos,14.5094,-92.1933,305.25,66,97,3.99,GT,1686343445
281,peace river,56.2501,-117.286,302.32,36,75,4.12,CA,1686343222
282,xibing,26.9814,119.7247,294.7,93,74,0.72,CN,1686343446
283,san patricio,28.017,-97.5169,309.55,49,2,7.11,US,1686343446
284,fairmont,39.4851,-80.1426,296.59,47,76,0.89,US,1686343447
285,sterling,39.0062,-77.4286,297.15,49,75,4.63,US,1686343447
286,el granada,37.5027,-122.4694,297.63,68,100,7.72,US,1686343415
287,fale old settlement,-9.3852,-171.2468,301.42,80,23,6.3,TK,1686343448
288,constitucion,-35.3333,-72.4167,284.93,53,67,4.46,CL,1686343449
289,horta,38.5333,-28.6333,292.95,75,20,4.47,PT,1686343449
290,nieves,15.3274,120.9485,300.88,92,83,1.88,PH,1686343450
291,brazzaville,-4.2658,15.2832,298.35,83,20,1.54,CG,1686343450
292,verkhnevilyuysk,63.4453,120.3167,287.68,65,85,2.82,RU,1686343451
293,debre tabor,11.85,38.0167,288.36,73,100,0.84,ET,1686343451
294,motueka,-41.1333,173.0167,279.32,78,0,2.1,NZ,1686343452
295,chernyshevskiy,63.0128,112.4714,288.51,76,15,1.89,RU,1686343453
296,bubaque,11.2833,-15.8333,300.69,78,43,7.73,GW,1686343453
297,kerrville,30.0474,-99.1403,308.81,43,0,4.12,US,1686343453
298,sitangkai,4.6628,119.3928,302.32,71,100,3.94,PH,1686343454
299,camiri,-20.05,-63.5167,305.03,37,0,0.0,BO,1686343454
300,broome,42.2506,-75.833,290.2,76,100,5.66,US,1686343455
301,bikenibeu village,1.3673,173.1241,301.13,83,75,4.12,KI,1686343455
302,raduzhny,62.0961,77.475,282.17,57,100,2.23,RU,1686343456
303,vodnyy,63.5046,53.4095,282.14,97,100,2.2,RU,1686343456
304,eureka,40.8021,-124.1637,294.63,85,79,1.34,US,1686343456
305,carloforte,39.145,8.3058,294.21,91,0,0.96,IT,1686343457
306,oroqen zizhiqi,50.5667,123.7167,286.23,98,100,3.39,CN,1686343457
307,villa gesell,-37.2639,-56.973,283.74,52,100,6.84,AR,1686343458
308,madingou,-4.1536,13.55,296.34,91,100,1.01,CG,1686343458
309,cova figueira,14.8905,-24.2934,295.65,83,0,5.71,CV,1686343459
310,monze,-16.2833,27.4833,292.25,39,10,2.63,ZM,1686343459
311,la passe,45.5549,-0.8967,295.28,90,24,2.98,FR,1686343459
312,tyukalinsk,55.8732,72.1967,284.93,82,70,3.45,RU,1686343460
313,roses,42.262,3.1769,295.39,87,0,1.34,ES,1686343460
314,ruhpolding,47.7667,12.65,290.71,84,0,1.79,DE,1686343461
315,poxoreo,-15.8372,-54.3892,300.17,42,0,1.79,BR,1686343461
316,gao,16.6362,1.637,308.14,14,6,2.71,ML,1686343462
317,humaita,-7.5061,-63.0208,303.93,63,93,0.18,BR,1686343462
318,bay harbor,30.1471,-85.6146,299.12,75,75,0.89,US,1686343462
319,lagos,6.5833,3.75,301.33,94,97,2.31,NG,1686343235
320,saldanha,-33.0117,17.9442,284.18,89,1,1.85,ZA,1686343463
321,rio grande,-32.035,-52.0986,300.21,70,100,3.19,BR,1686343464
322,luau,-10.7073,22.2247,295.6,39,83,1.37,AO,1686343464
323,mount pearl,47.5166,-52.7813,284.44,93,100,4.63,CA,1686343465
324,polyarnyy,69.1989,33.4478,277.55,78,100,7.71,RU,1686343465
325,rongelap,11.1635,166.8941,300.96,81,96,7.63,MH,1686343466
326,korla,41.7597,86.1469,299.83,25,79,3.39,CN,1686343466
327,dinajpur,25.6272,88.6386,301.35,71,85,1.7,BD,1686343467
328,holualoa,19.6228,-155.9522,299.06,82,20,4.12,US,1686343467
329,griffith,41.5284,-87.4237,302.07,32,0,4.63,US,1686343467
330,cabedelo,-6.9811,-34.8339,299.52,82,44,5.82,BR,1686343468
331,palmer,42.1584,-72.3287,293.49,58,40,2.57,US,1686343468
332,kismayo,-0.3582,42.5454,299.6,78,81,7.45,SO,1686343469
333,brandon,27.9378,-82.2859,306.62,58,40,4.12,US,1686343369
334,brisas de zicatela,15.8369,-97.0419,306.44,58,40,7.72,MX,1686343470
335,vilyuysk,63.7553,121.6247,287.11,66,96,2.17,RU,1686343470
336,portland,45.5234,-122.6762,289.47,89,100,1.79,US,1686343129
337,campobasso,41.6333,14.5833,292.27,93,99,2.3,IT,1686343240
338,benguela,-12.5763,13.4055,294.89,81,94,0.04,AO,1686343471
339,nova vicosa,-17.8919,-39.3719,296.18,84,12,2.39,BR,1686343471
340,geraldton,-28.7667,114.6,282.38,93,0,4.63,AU,1686343472
341,morehead city,34.7229,-76.726,300.16,65,0,5.14,US,1686343472
342,usogorsk,63.4106,48.6872,276.09,97,100,4.69,RU,1686343473
343,novodvinsk,64.4165,40.8122,276.15,88,54,3.92,RU,1686343473
344,bardai,11.65,7.2333,298.76,68,24,3.99,NG,1686343473
345,xining,36.6167,101.7667,284.8,55,69,1.13,CN,1686343474
346,chapada dos guimaraes,-15.4606,-55.7497,302.96,41,12,1.87,BR,1686343474
347,wainwright,52.839,-110.8572,297.85,42,8,4.83,CA,1686343475
348,vila velha,-20.3297,-40.2925,297.12,80,0,5.14,BR,1686343475
349,hirara,24.8,125.2833,299.3,94,100,2.57,JP,1686343475
350,vilyuchinsk,52.9306,158.4028,286.3,66,35,3.25,RU,1686343476
351,lionel town,17.8101,-77.2406,303.09,84,100,4.85,JM,1686343476
352,touros,-5.1989,-35.4608,298.49,85,15,4.97,BR,1686343476
353,tromso,69.6496,18.957,279.47,81,0,6.69,NO,1686343477
354,kapuskasing,49.4169,-82.4331,301.15,20,20,3.6,CA,1686343342
355,shevchenko,48.5,35.0,292.73,64,81,2.03,UA,1686343478
356,new plymouth,-39.0667,174.0833,281.79,100,0,1.32,NZ,1686343478
357,barra do garcas,-15.89,-52.2567,303.47,48,40,0.0,BR,1686343479
358,acapulco de juarez,16.8634,-99.8901,306.05,62,0,5.14,MX,1686343479
359,ta`u,-14.2336,-169.5144,300.85,80,27,3.98,AS,1686343479
360,ambatofinandrahana,-20.55,46.8,289.01,71,78,1.03,MG,1686343480
361,gufeng,26.9083,118.9819,290.89,82,97,0.52,CN,1686343480
362,tazovsky,67.4667,78.7,275.27,68,32,3.04,RU,1686343480
363,acarau,-2.8856,-40.12,299.77,84,6,7.03,BR,1686343256
364,las tablas,7.7667,-80.2833,300.37,78,100,3.16,PA,1686343481
365,east london,-33.0153,27.9116,288.56,65,18,8.72,ZA,1686343415
366,matoury,4.8483,-52.3317,302.13,70,40,3.6,GF,1686343482
367,revda,56.801,59.9303,280.16,84,29,2.23,RU,1686343482
368,nuuk,64.1835,-51.7216,279.49,70,100,12.35,GL,1686343483
369,hilo,19.7297,-155.09,302.75,65,0,3.09,US,1686343383
370,singarayakonda,15.25,80.0333,305.59,51,100,8.11,IN,1686343484
371,walvis bay,-22.9575,14.5053,285.98,87,0,2.57,NA,1686343484
372,guerrero negro,27.9769,-114.0611,293.5,58,13,8.24,MX,1686343485
373,boa vista,2.8197,-60.6733,304.14,62,40,2.57,BR,1686343485
374,bodo,67.28,14.405,282.47,77,0,1.03,NO,1686343485
375,uva,56.9908,52.1852,284.2,90,82,2.93,RU,1686343486
376,lucea,18.451,-78.1736,303.07,72,100,6.54,JM,1686343486
377,mount isa,-20.7333,139.5,285.02,43,6,3.09,AU,1686343486
378,al burayqah,30.4062,19.5739,294.45,79,2,4.66,LY,1686343487
379,nuku'alofa,-21.1333,-175.2,294.34,88,40,0.0,TO,1686343487
380,puerto armuelles,8.2833,-82.8667,301.14,88,100,2.24,PA,1686343488
381,strzyzow,49.8707,21.7941,291.27,95,81,0.5,PL,1686343488
382,suva,-18.1416,178.4415,292.86,100,40,2.06,FJ,1686343488
383,pingyin,36.2831,116.4453,295.96,41,100,2.54,CN,1686343489
384,yaren,-0.5472,166.916,299.55,80,100,0.52,NR,1686343489
385,port isabel,26.0734,-97.2086,308.2,52,0,4.12,US,1686343490
386,valka,57.7752,26.0101,281.51,71,8,2.42,LV,1686343490
387,chui,-33.6971,-53.4616,288.56,84,100,4.89,UY,1686343491
388,konduga,11.6558,13.4213,304.08,47,91,3.39,NG,1686343492
389,jordan springs,-33.725,150.7271,283.3,92,100,0.45,AU,1686343492
390,sarina,-21.4333,149.2167,291.82,57,0,3.01,AU,1686343492
391,adiake,5.2863,-3.304,298.6,88,62,3.56,CI,1686343493
392,pijijiapan,15.7011,-93.23,305.19,62,100,3.54,MX,1686343493
393,bonthe,7.5264,-12.505,299.44,85,88,2.37,SL,1686343494
394,cabo san lucas,22.8909,-109.9124,304.6,65,0,1.54,MX,1686343494
395,bucerias,20.75,-105.3333,304.81,65,20,6.17,MX,1686343495
396,sakaiminato,35.55,133.2333,291.14,100,75,2.57,JP,1686343495
397,sesheke,-17.4759,24.2968,293.73,30,6,1.64,ZM,1686343495
398,argostolion,38.1811,20.489,295.19,83,20,3.09,GR,1686343496
399,lerwick,60.1545,-1.1494,283.15,87,26,3.33,GB,1686343496
400,sisimiut,66.9395,-53.6735,277.3,94,100,6.58,GL,1686343497
401,yerofey pavlovich,53.9667,121.9667,285.58,90,89,1.15,RU,1686343497
402,kavieng,-2.5744,150.7967,300.5,78,32,2.18,PG,1686343498
403,zaza del medio,21.9961,-79.3669,301.07,80,93,3.95,CU,1686343498
404,were ilu,10.6,39.4333,286.46,58,56,2.62,ET,1686343499
405,yangiqo'rg'on,41.1906,71.7257,297.51,32,88,2.69,UZ,1686343499
406,tavda,58.0425,65.2726,282.63,67,84,0.39,RU,1686343499
407,broken hill,-31.95,141.4333,281.25,67,0,0.76,AU,1686343500
408,mpika,-11.8343,31.4529,289.73,61,37,1.44,ZM,1686343500
409,calliope,-24.0,151.2,289.65,82,0,2.06,AU,1686343501
410,nevel'sk,46.6733,141.8633,283.6,89,100,5.54,RU,1686343501
411,kalix,65.853,23.1565,279.95,72,15,1.9,SE,1686343502
412,katabu,-4.9333,122.5167,296.9,96,72,2.28,ID,1686343502
413,sao bento do sul,-26.2503,-49.3786,287.95,75,0,1.46,BR,1686343503
414,namibe,-15.1961,12.1522,292.06,78,2,1.8,AO,1686343503
415,sheopur,25.6667,76.7,307.11,24,0,3.02,IN,1686343504
416,gilmer,32.7287,-94.9424,307.27,38,40,0.0,US,1686343504
417,uturoa,-16.7333,-151.4333,299.92,64,81,7.39,PF,1686343505
418,itoman,26.1247,127.6694,300.36,92,75,4.12,JP,1686343505
419,warrnambool,-38.3833,142.4833,284.24,80,100,6.53,AU,1686343506
420,castillos,-34.1667,-53.8333,287.25,89,100,4.02,UY,1686343507
421,ishigaki,24.3448,124.1572,299.22,100,100,1.54,JP,1686343507
422,alo,7.4178,6.7371,297.27,94,99,1.75,NG,1686343508
423,ekangala,-25.6962,28.7492,282.8,40,0,4.89,ZA,1686343508
424,zheleznogorsk-ilimskiy,56.5768,104.1217,289.05,89,100,2.02,RU,1686343509
425,livingstonia,-10.606,34.1063,290.6,84,46,0.75,MW,1686343510
426,koungheul,13.9833,-14.8,310.26,23,0,2.19,SN,1686343510
427,manta,-0.95,-80.7333,304.03,89,40,7.6,EC,1686343510
428,mo i rana,66.3128,14.1428,284.44,56,0,2.68,NO,1686343511
429,siwa oasis,29.2041,25.5195,300.42,41,0,7.26,EG,1686343512
430,daru,-9.0763,143.2092,298.15,79,13,5.62,PG,1686343512
431,diamantino,-14.4086,-56.4461,301.95,45,14,0.73,BR,1686343432
432,obligado,-27.0333,-55.6333,302.47,58,0,2.23,PY,1686343513
433,odienne,9.51,-7.5692,297.57,80,20,2.71,CI,1686343514
434,necochea,-38.5473,-58.7368,283.15,48,88,6.25,AR,1686343514
435,mundri,-6.9558,111.71,296.05,88,4,2.58,ID,1686343514
436,jalai nur,49.45,117.7,286.03,79,100,5.7,CN,1686343515
437,mahanoro,-19.9,48.8,294.21,91,16,2.09,MG,1686343515
438,bayanhongor,46.7167,100.1167,283.31,67,74,1.4,MN,1686343516
439,kununurra,-15.7667,128.7333,296.14,64,75,3.6,AU,1686343502
440,sawakin,19.1059,37.3321,307.86,30,24,2.71,SD,1686343517
441,plastunovskaya,45.2939,39.2669,295.09,66,100,4.74,RU,1686343517
442,constantia,44.1833,28.65,289.65,78,35,2.17,RO,1686343369
443,karratha,-20.7377,116.8463,294.7,48,98,3.73,AU,1686343518
444,gaspe,48.8334,-64.4819,285.27,76,75,1.54,CA,1686343518
445,barobo,8.5353,126.1214,296.65,98,100,1.37,PH,1686343519
446,paphos,34.7667,32.4167,297.03,78,0,2.57,CY,1686343270
447,kruisfontein,-34.0033,24.7314,285.86,89,12,3.33,ZA,1686343520
448,businga,3.3333,20.8833,294.26,99,95,0.89,CD,1686343521
449,kargil,34.5667,76.1,282.78,38,0,1.66,IN,1686343521
450,khorugh,37.4897,71.553,290.08,55,0,0.59,TJ,1686343522
451,aoulef,26.9667,1.0833,310.2,16,0,4.95,DZ,1686343522
452,selkirk,50.1436,-96.8845,299.87,48,18,6.26,CA,1686343225
453,sikasso,10.9167,-7.0,302.99,49,4,2.57,ML,1686343523
454,richards bay,-28.783,32.0377,291.73,79,41,1.36,ZA,1686343524
455,weining,26.85,104.2333,286.44,62,100,1.92,CN,1686343524
456,san julian,21.0167,-102.1667,304.97,9,39,2.34,MX,1686343525
457,qaisumah,28.3112,46.1273,306.13,21,0,0.0,SA,1686343525
458,nakamura,32.9833,132.9333,292.15,92,100,0.86,JP,1686343526
459,metlili chaamba,32.2667,3.6333,309.67,12,0,3.09,DZ,1686343527
460,sao martinho,39.5144,-9.1311,293.47,82,99,0.45,PT,1686343527
461,dieppe,49.75,1.1667,294.25,81,12,4.05,FR,1686343528
462,quellon,-43.1167,-73.6167,279.29,93,75,3.6,CL,1686343528
463,conde,-7.2597,-34.9075,298.85,100,75,2.06,BR,1686343529
464,sao tome,0.3365,6.7273,299.17,83,75,4.12,ST,1686343529
465,andkhoy,36.9529,65.1238,301.44,26,9,5.62,AF,1686343530
466,mana,5.6592,-53.7767,300.29,83,22,3.2,GF,1686343530
467,primero de mayo,-32.2552,-58.4228,293.46,64,100,6.03,AR,1686343531
468,azogues,-2.7333,-78.8333,294.12,80,93,2.52,EC,1686343531
469,makokou,0.5738,12.8642,294.1,99,100,0.86,GA,1686343531
470,xixiang,35.1628,112.865,297.98,30,5,2.88,CN,1686343532
471,bharuch,21.7,72.9667,302.94,77,0,5.14,IN,1686343532
472,margate,51.3813,1.3862,290.32,87,11,4.47,GB,1686343256
473,garachico,28.7781,-17.7646,293.21,78,75,2.06,ES,1686343533
474,greymouth,-42.4667,171.2,277.14,70,5,2.7,NZ,1686343533
475,kenai,60.5544,-151.2583,286.2,62,100,3.6,US,1686343534
476,tambura,5.6,27.4667,295.54,84,92,2.72,SS,1686343534
477,belmonte,-15.8631,-38.8828,296.0,92,96,4.01,BR,1686343535
478,neryungri,56.6709,124.6491,284.99,89,11,0.45,RU,1686343535
479,taveta,-3.3963,37.6736,292.73,87,52,1.45,KE,1686343536
480,keetmanshoop,-26.5833,18.1333,285.66,43,0,0.0,NA,1686343536
481,dubove,48.1721,23.8895,287.05,95,90,1.55,UA,1686343536
482,birao,10.2849,22.7882,296.73,87,86,4.34,CF,1686343537
483,fernley,39.608,-119.2518,299.08,29,88,1.34,US,1686343267
484,tubod,8.0555,123.7904,297.65,96,89,1.18,PH,1686343538
485,bykhaw,53.5193,30.2469,286.09,91,44,2.79,BY,1686343538
486,managua,12.1328,-86.2504,299.84,83,40,4.12,NI,1686343284
487,krupki,54.3178,29.1358,284.89,67,41,4.83,BY,1686343539
488,dum duma,27.5667,95.5667,298.3,89,100,0.94,IN,1686343539
489,tshabong,-26.05,22.45,283.13,48,0,3.55,BW,1686343540
490,galesong,-5.3166,119.3661,297.16,84,81,1.71,ID,1686343540
491,sungai penuh,-2.0833,101.3833,290.51,96,68,1.12,ID,1686343540
492,cambria,35.5641,-121.0808,299.01,74,100,4.17,US,1686343541
493,viedma,-40.8135,-62.9967,283.54,24,0,5.54,AR,1686343541
494,ermelo,-26.5333,29.9833,279.67,50,0,2.81,ZA,1686343542
495,blackwell,36.8045,-97.2828,308.16,35,20,2.57,US,1686343542
496,zuyevka,58.405,51.1335,283.91,97,63,4.5,RU,1686343542
497,concepcion,-36.827,-73.0498,285.04,62,40,3.09,CL,1686343513
498,skeldon,5.8833,-57.1333,300.22,82,59,2.7,GY,1686343544
499,orchard homes,46.8633,-114.0484,297.55,51,0,3.09,US,1686343545
500,port macquarie,-31.4333,152.9167,278.65,68,0,2.65,AU,1686343546
501,lucheng,31.2336,117.2806,296.92,89,89,4.04,CN,1686343546
502,sinjai,-5.1241,120.253,297.19,90,100,1.82,ID,1686343547
503,mossel bay,-34.1831,22.146,284.11,80,17,1.62,ZA,1686343547
504,puerto ayacucho,5.6639,-67.6236,301.38,74,50,1.63,VE,1686343548
505,micheweni,-4.9667,39.8333,298.2,83,90,4.48,TZ,1686343548
506,carutapera,-1.195,-46.02,298.47,92,12,3.39,BR,1686343549
507,tolanaro,-25.0319,46.9987,296.19,88,0,6.17,MG,1686343531
508,mount gambier,-37.8333,140.7667,283.57,90,97,2.59,AU,1686343528
509,kutloanong,-27.8333,26.75,281.96,51,0,2.16,ZA,1686343550
510,kem',64.9555,34.5793,278.09,85,98,3.54,RU,1686343550
511,tsiombe,-25.3,45.4833,292.48,89,0,1.39,MG,1686343551
512,lompoc,34.6391,-120.4579,291.95,78,100,2.68,US,1686343551
513,lucapa,-8.4192,20.7447,296.84,44,76,0.75,AO,1686343551
514,siquijor,9.2142,123.515,300.22,82,100,6.98,PH,1686343552
515,forster,-32.1667,152.5167,281.14,100,1,2.52,AU,1686343553
516,argo,37.6333,22.7333,295.81,68,61,1.09,GR,1686343553
517,ende,-8.8432,121.6623,297.77,89,99,1.07,ID,1686343553
518,thinadhoo,0.5333,72.9333,301.32,68,39,1.26,MV,1686343554
519,mwene-ditu,-7.0,23.45,297.37,41,91,1.2,CD,1686343554
520,lhasa,29.65,91.1,286.25,67,85,2.11,CN,1686343554
521,masinloc,15.5333,120.05,292.36,89,93,2.17,PH,1686343555
522,cannonvale,-20.2833,148.7,293.81,89,10,4.64,AU,1686343555
523,sao gabriel da cachoeira,-0.1303,-67.0892,302.18,73,82,1.23,BR,1686343555
524,bueng kan,18.363,103.6519,297.61,95,100,0.31,TH,1686343556
525,mar del plata,-38.0023,-57.5575,284.87,59,0,6.69,AR,1686343556
526,sidi ifni,29.3797,-10.173,296.01,82,6,3.71,MA,1686343557
527,wynyard,-41.0,145.7167,283.14,88,77,6.82,AU,1686343557
528,onguday,50.75,86.15,288.14,82,97,1.73,RU,1686343557
529,santa ana,33.7456,-117.8678,296.76,78,75,3.6,US,1686343439
530,dogondoutchi,13.6393,4.0287,309.31,32,14,4.59,NE,1686343558
531,salalah,17.0151,54.0924,302.2,89,40,1.03,OM,1686343558
532,port augusta,-32.5,137.7667,282.28,75,0,1.15,AU,1686343559
533,el galpon,-25.3807,-64.6526,300.37,47,0,1.56,AR,1686343559
534,sollenau,47.9026,16.2498,290.77,91,56,1.52,AT,1686343560
535,san mariano,7.5,126.0,296.34,92,100,1.45,PH,1686343560
536,opuwo,-18.0607,13.84,289.55,35,3,1.49,NA,1686343560
537,ternate,0.8,127.4,300.05,81,49,1.1,ID,1686343561
538,antonio enes,-16.2325,39.9086,296.31,87,0,4.04,MZ,1686343561
539,as sulayyil,20.4607,45.5779,306.29,11,1,2.97,SA,1686343561
540,mount darwin,-16.7725,31.5838,290.34,49,20,1.81,ZW,1686343562
541,yomju-up,39.8933,124.5981,287.87,85,21,2.31,KP,1686343562
542,tazacorte,28.629,-17.9293,294.69,92,75,2.06,ES,1686343563
543,great bend,38.3645,-98.7648,306.5,38,0,3.6,US,1686343563
544,dauphin,51.1494,-100.0502,295.23,46,0,8.23,CA,1686343341
545,forres,57.6113,-3.6108,288.13,77,0,4.63,GB,1686343564
546,san jose de guanipa,8.8872,-64.1651,303.23,55,100,2.01,VE,1686343565
547,palikir - national government center,6.9248,158.1611,301.02,78,100,6.09,FM,1686343565
548,kerch,45.3583,36.4758,293.72,80,100,5.25,UA,1686343565
549,puerto carreno,6.189,-67.4859,303.14,70,40,2.57,CO,1686343566
550,kayangel,8.0823,134.7173,301.76,75,82,4.94,PW,1686343566
551,northam,51.0333,-4.2167,292.4,79,98,6.61,GB,1686343567
552,jamiltepec,16.2833,-97.8167,305.79,48,61,4.83,MX,1686343567
553,barabinsk,55.3571,78.357,285.66,66,100,3.44,RU,1686343568
554,trevelin,-43.0858,-71.4639,273.86,91,50,2.17,AR,1686343568
555,amos,48.5669,-78.1162,291.36,52,100,1.78,CA,1686343570
556,pinheiro,-2.5214,-45.0825,298.2,90,29,1.61,BR,1686343570
557,bel ombre,-4.6167,55.4167,301.06,74,40,3.6,SC,1686343571
558,murzuq,25.9155,13.9184,303.85,23,0,4.66,LY,1686343571
559,el nido,11.1858,119.3956,300.43,84,100,6.46,PH,1686343572
560,pytalovo,57.0679,27.9138,280.86,68,3,3.06,RU,1686343572
561,saipan,15.1355,145.701,300.73,100,40,0.89,MP,1686343572
562,pathein,16.7833,94.7333,299.01,82,61,2.06,MM,1686343573
563,taltal,-25.4,-70.4833,291.4,76,24,2.09,CL,1686343573
564,colon,9.3592,-79.9014,300.32,61,94,6.71,PA,1686343307
565,yuzhno-kurilsk,44.0306,145.8556,281.96,97,100,4.0,RU,1686343574
566,porto velho,-8.7619,-63.9039,304.18,58,20,2.57,BR,1686343480
567,trairi,-3.2778,-39.2689,299.86,81,3,5.6,BR,1686343575
568,migori,-1.0634,34.4731,290.6,88,97,1.8,KE,1686343576
569,tashtyp,52.7939,89.8983,288.74,83,53,1.3,RU,1686343576
570,saynshand,44.8824,110.1163,288.01,46,2,3.67,MN,1686343577
571,begusarai,25.4167,86.1333,303.71,55,15,4.4,IN,1686343577
572,malvan,16.0667,73.4667,302.28,76,52,6.05,IN,1686343578
573,baise city,23.8997,106.6133,299.53,68,99,1.38,CN,1686343578
574,saint-joseph,-21.3667,55.6167,295.36,80,21,4.11,RE,1686343579
575,glendive,47.1053,-104.7125,299.09,69,20,4.12,US,1686343579
576,baie-comeau,49.2168,-68.1489,283.97,82,40,5.14,CA,1686343579
577,xinqing,48.2333,129.5,286.38,99,100,2.7,CN,1686343580
578,humberto de campos,-2.5983,-43.4611,298.63,88,11,2.36,BR,1686343580
579,cill airne,52.05,-9.5167,287.93,91,96,2.14,IE,1686343581
580,naze,28.3667,129.4833,295.66,88,100,4.39,JP,1686343582
581,arno,60.1167,18.6333,282.47,79,71,2.49,SE,1686343582
582,maracaibo,10.6317,-71.6406,305.62,56,50,0.73,VE,1686343583
583,gorontalo,0.5412,123.0595,296.76,90,91,0.85,ID,1686343583
584,san sebastian de la gomera,28.0916,-17.1133,296.35,68,0,2.57,ES,1686343584
585,aykhal,66.0,111.5,289.77,74,55,1.85,RU,1686343584
586,kamloops,50.6665,-120.3192,301.34,37,100,2.06,CA,1686343585
587,khash,28.2211,61.2158,299.0,29,8,3.82,IR,1686343585
588,humahuaca,-23.2054,-65.3505,292.69,14,0,1.15,AR,1686343585
589,bondo,3.8146,23.6866,293.07,99,46,1.27,CD,1686343586
590,dapa,9.7594,126.0531,301.29,78,100,4.64,PH,1686343586
591,chechelnyk,48.8353,26.6484,292.21,66,98,2.6,UA,1686343587
592,nybro,56.7446,15.9071,283.73,77,0,3.51,SE,1686343587
593,al bayda',32.7627,21.7551,289.67,85,3,1.98,LY,1686343588
594,asbestos,45.7668,-71.9324,289.33,88,93,3.2,CA,1686343588
595,sangueya,10.7,-14.3667,299.75,81,10,1.71,GN,1686343589
